ni-hao	你好	一手食指指向对方。；一手握拳，向上伸出拇指。|https://d.bmcx.com/shouyu/_file/4/77111de7e16f4117.png|https://d.bmcx.com/shouyu/_file/4/a9e6c888edf50dfc.png
zao-shang-hao	早上好	一手四指与拇指相捏，手背向上横放胸前，缓缓向上抬起，五指逐渐张开，象征天色由暗转明。；一手握拳，向上伸出拇指。|https://d.bmcx.com/shouyu/_file/c/3154c44f63734c61.png|https://d.bmcx.com/shouyu/_file/4/a9e6c888edf50dfc.png
zhong-wu-hao	中午好	打“十”和“二”两个手势，象征时钟是十二点。；一手握拳，向上伸出拇指。|https://d.bmcx.com/shouyu/_file/4/1b2c3d15c44f2803.png|https://d.bmcx.com/shouyu/_file/4/a9e6c888edf50dfc.png
wan-shang-hao	晚上好	一手四指并拢与拇指成90度直角，放在眼前。然后缓慢作弧形下移，同时五指捏合，象征天色由明转暗。；一手握拳，向上伸出拇指。|https://d.bmcx.com/shouyu/_file/2/2e48c62900607310.png|https://d.bmcx.com/shouyu/_file/4/a9e6c888edf50dfc.png
wan-an	晚安	|
zai-jian	再见	一手上举，五指自然伸出，手腕挥动两下。这是一般的“再见”手势。|https://d.bmcx.com/shouyu/_file/a/44f9c018f4e6518a.png
xie-xie	谢谢	一手伸出拇指，弯曲两下，表示向人感谢。|https://d.bmcx.com/shouyu/_file/0/233beab7519f9a2c.png
qing	请	双手掌心向上，在腰部向旁移，表示邀请之意|https://d.bmcx.com/shouyu/_file/4/5251db0bf1f35a60.png
dui-bu-qi	对不起	一手五指并拢，举于额际，先做“敬礼”手势，然后下放改伸小指，在胸部点几下，表示向人致歉并自责之意。|https://d.bmcx.com/shouyu/_file/4/bc9eb55c1c5ffe10.png
mei-guan-xi	没关系	一手拇、食、中指捻动，连续几次。；两手拇、食指搭成圆圈，互相套环。|https://d.bmcx.com/shouyu/_file/0/ca6e28db2682873b.png|https://d.bmcx.com/shouyu/_file/7/cce482d013599cbe.png
huan-ying	欢迎	（一）双手鼓掌。（二）双手掌心向上，往旁移动一下，如邀请动作。|https://d.bmcx.com/shouyu/_file/b/9b6994dd86ca207c.png
qing-wen	请问	双手掌心向上，在腰部向旁移，表示邀请之意|https://d.bmcx.com/shouyu/_file/4/5251db0bf1f35a60.png
bang-zhu	帮助	双手掌心向外，拍动两下，表示给人援助、帮助。|https://d.bmcx.com/shouyu/_file/d/1e83833bb16e0a13.png
bai-tuo	拜托	|https://d.bmcx.com/shouyu/_file/1/2cf641fc5dca7ee6.png
bu-hao-yi-si	不好意思	一手伸直，左右摆动几下。；一手握拳，向上伸出拇指。；（一）手指字母“Y”的指式。（二）一手食指在太阳穴处转一圈。|https://d.bmcx.com/shouyu/_file/2/017b20417bd86bd2.png|https://d.bmcx.com/shouyu/_file/4/a9e6c888edf50dfc.png|https://d.bmcx.com/shouyu/_file/9/3f6e3642449388fe.png
wo	我	一手食指指自己。|https://d.bmcx.com/shouyu/_file/3/37ef29c190c45c34.png
ni	你	一手食指指向对方。|https://d.bmcx.com/shouyu/_file/4/77111de7e16f4117.png
ta	他	一手食指指向侧方第三者。|https://d.bmcx.com/shouyu/_file/3/6856518f6f37bdc7.png
wo-men	我们	一手食指先指胸部，然后掌心向下，在胸前平行转一圈。|https://d.bmcx.com/shouyu/_file/6/decc831d679d59a0.png
ni-men	你们	一手食指先指对方，然后掌心向下，在胸前平行转一圈。|https://d.bmcx.com/shouyu/_file/7/7ee7c0f39a63e998.png
da-jia	大家	一手掌心向下，在胸前平行转一圈。|https://d.bmcx.com/shouyu/_file/d/a80ba7c14c152502.png
ren	人	双手食指搭成“人”字形。|https://d.bmcx.com/shouyu/_file/b/8fb084ce6a8d9fc9.png
long-ren	聋人	（一）一手伸食、中指，贴于耳部，表示耳聋。（二）双手食指搭成“人”字形。|https://d.bmcx.com/shouyu/_file/9/5c5ac3d02769988c.png
peng-you	朋友	双手伸拇指互碰几下，表示友谊。|https://d.bmcx.com/shouyu/_file/7/56fc20591abccceb.png
lao-shi	老师	（一）双手五指撮合，指尖相对，在胸前摇动几下，意即“传授”。（二）一手伸拇指贴于胸前。|https://d.bmcx.com/shouyu/_file/4/20276b45d49c6484.png
tong-xue	同学	（一）同“同志”手势。（二）双手伸掌，掌心向内，方于胸前，如读书状。|https://d.bmcx.com/shouyu/_file/8/582ad4269be9cba0.png
ba-ba	爸爸	一手伸拇指贴在嘴唇上。|https://d.bmcx.com/shouyu/_file/3/8525546f6d3e52c2.png
ma-ma	妈妈	一手伸食指贴在嘴唇上。|https://d.bmcx.com/shouyu/_file/d/3a4fc3ca2d996c5a.png
ge-ge	哥哥	一手先伸中指贴于嘴唇上；再改伸掌直立，在头侧自后向前挥动，即“男”手势。|https://d.bmcx.com/shouyu/_file/1/7c90e855c70a2b36.png
jie-jie	姐姐	一手先伸中指贴于嘴唇上，然后改以拇、食指捏耳垂。|https://d.bmcx.com/shouyu/_file/e/655c49a217318d98.png
di-di	弟弟	一手先以小指贴于嘴唇上，再打“男”手势。|https://d.bmcx.com/shouyu/_file/e/b8a32addff1f4464.png
mei-mei	妹妹	（一）双手横伸胸前，掌心向内，一前一后，后掌向前靠贴，表示亲近之意。（二）手指字母“Q”的指式。|https://d.bmcx.com/shouyu/_file/8/28134bbe26fde0ad.png
er-zi	儿子	（一）同“男”手势。（二）同“小孩”手势。|https://d.bmcx.com/shouyu/_file/2/f4b2acbe66983a78.png
nv-er	女儿	（一）同“女”手势。（二）同“小孩”手势。|https://d.bmcx.com/shouyu/_file/f/77e3a8b9352ed8be.png
yi-sheng	医生	（一）一手食、中、无名指按于另一手脉门处，如中医搭脉状。（二）一手伸拇指贴于胸前。|https://d.bmcx.com/shouyu/_file/c/328e95ebcc0e9a34.png
hu-shi	护士	（一）一手拇、食指搭成“十”字形，置于前额。（二）一手拇、食指捏耳垂。|https://d.bmcx.com/shouyu/_file/3/b0ec280ae8f9a676.png
fu-wu-yuan	服务员	（一）右手伸平，手背向外贴于耳前。（二）右手按在另一侧的肩部。|https://d.bmcx.com/shouyu/_file/9/bc23a31c834cd345.png
si-ji	司机	（一）双拳虚握，左右转动，如司机操纵方向盘动作。（二）一手拇、食指灭成小圆圈，贴于胸侧。|https://d.bmcx.com/shouyu/_file/e/7fb8ada9dd89da72.png
yi	一	一手身出食指，其余四指弯曲。|https://d.bmcx.com/shouyu/_file/1/0bf1e70a634f7b1f.png
er	二	一手身出食、中指，其余三指弯曲。|https://d.bmcx.com/shouyu/_file/7/b73f83a39ff51bd7.png
san	三	一手身出中、无名、小指，拇、食指弯曲。|https://d.bmcx.com/shouyu/_file/0/a326481500f08fb3.png
si	四	一手身出食、中、无名、小指，拇指弯曲。|https://d.bmcx.com/shouyu/_file/4/ec49df0812171026.png
wu	五	五指一齐伸出。|https://d.bmcx.com/shouyu/_file/c/a0c3f4cde2bc37c7.png
liu	六	一手身出拇、小指，其余三指弯曲。|https://d.bmcx.com/shouyu/_file/7/f6796a1235fed2fa.png
qi	七	一手拇、食、中指相捏，其余两指弯曲。|https://d.bmcx.com/shouyu/_file/c/49ec50b83edc6400.png
ba	八	一手身出拇、食指，其余三指弯曲。|https://d.bmcx.com/shouyu/_file/6/dbe359076280b492.png
jiu	九	一手食指弯如钩形，其余四指弯曲。|https://d.bmcx.com/shouyu/_file/6/0d97a55f2dbbf1d0.png
shi	十	一手食、中指交叉，其余三指弯曲。|https://d.bmcx.com/shouyu/_file/d/a4074e8a821326bf.png
jin-tian	今天	双手伸掌，掌心向上，横于腰部，上下微动，表示“就是现在”的意思。|https://d.bmcx.com/shouyu/_file/6/f8639d560f382644.png
ming-tian	明天	一手伸食指贴于太阳穴部，头微偏；然后食指离开，头部转正，表示睡觉过了一天，即“明天”之意（“后天”用两个指头）。|https://d.bmcx.com/shouyu/_file/f/202f39614aa6800f.png
zuo-tian	昨天	一手伸食指指向肩后方点一下，表示过去的一天，即“昨天”（“前天”用两个指头）。|https://d.bmcx.com/shouyu/_file/a/67dfc5a0397f2622.png
xian-zai	现在	双手伸掌，掌心向上，横于腰部，上下微动，表示“就是现在”的意思。|https://d.bmcx.com/shouyu/_file/1/80b20ca0b54efaab.png
zao-shang	早上	一手四指与拇指相捏，手背向上横放胸前，缓缓向上抬起，五指逐渐张开，象征天色由暗转明。|https://d.bmcx.com/shouyu/_file/c/3154c44f63734c61.png
zhong-wu	中午	打“十”和“二”两个手势，象征时钟是十二点。|https://d.bmcx.com/shouyu/_file/4/1b2c3d15c44f2803.png
wan-shang	晚上	一手四指并拢与拇指成90度直角，放在眼前。然后缓慢作弧形下移，同时五指捏合，象征天色由明转暗。|https://d.bmcx.com/shouyu/_file/2/2e48c62900607310.png
bai-tian	白天	右手打手指字母“B”指式，贴于左肩部向右移动，同时握拳伸出拇指，表示天色很好，即“白天”。|https://d.bmcx.com/shouyu/_file/e/b70c9f8a15fa07d5.png
shi-jian	时间	一手伸出拇、食两指，拇指尖抵住另一手掌心，食指向下转动，象征钟表的时针在转动。|https://d.bmcx.com/shouyu/_file/1/799035398824aab4.png
xing-qi	星期	左手食指直立不动。右手打“七”手势在左手食指尖上点一下，表示七天即一星期之意（如二个星期，则右手打“七”手势在左手食、中指尖上分别点一下，余类推）。|https://d.bmcx.com/shouyu/_file/b/0352296d3f3a4c7f.png
xing-qi-tian	星期天	左手伸直，指尖向上不动。右手伸食指，其余四指握拳，与左手掌互碰（星期二，右手伸两指，星期四，右手伸三指，余类推。星期日用“七”手势）。|https://d.bmcx.com/shouyu/_file/3/ab8d542d5b3cc7e8.png
nian	年	右手伸食指从左拳的骨节处向下划（拳背四个骨节代表四季，直划下去表示一年）。|https://d.bmcx.com/shouyu/_file/f/0d72515bafb7f693.png
yue	月	左手食指直立不动，右手食指从左手食指指尖向下划（一个月用一指，二个月用两指，余类推）。|https://d.bmcx.com/shouyu/_file/6/6e96d407397441c7.png
xiao-shi	小时	（一）一手拇指与小指指尖相捏。（二）同“当时”手势（一手伸出拇、食指，拇指尖抵住另一手掌心，食指向下移动，表示钟表的指针转动。）|https://d.bmcx.com/shouyu/_file/4/a2e806dfc3a954f0.png
fen-zhong	分钟	（一）一手食指书空“，”一下，表示分的记时符号。（二）同“当时”手势（一手伸了拇、食指，拇指尖抵住另一手掌心，食指向下移动，表示钟表的指针转动。）。|https://d.bmcx.com/shouyu/_file/0/3657023fcca5f784.png
gang-cai	刚才	（一）一手拇指捏住食指指尖，表示一点点。（二）一手伸出拇、食两指，拇指尖抵住另一手掌心，食指向下转动，象征钟表的时针在转动。|https://d.bmcx.com/shouyu/_file/d/42fb8c576db6ffda.png
ma-shang	马上	一手食指直伸，虎口贴近太阳穴，前后微动几下，如马的耳朵。；一手伸食指向上指。|https://d.bmcx.com/shouyu/_file/1/e46453b4cc7e2442.png|https://d.bmcx.com/shouyu/_file/c/6ddfdd7f2dfe15d5.png
jing-chang	经常	一手伸食、中指，在太阳穴上轻敲几下，表示“经常”、“常常”。所示）|https://d.bmcx.com/shouyu/_file/a/f2d9a9da2b82144f.png
yi-qian	以前	一手五指微曲，用手向肩后挥几下，表示是过去的但无肯定日数，引申为“以前”的概念。|https://d.bmcx.com/shouyu/_file/3/47a009cbfe351b2e.png
yi-hou	以后	一手五指微曲，在腰部向身后搧动几下，表示是以后的但无肯定日数，引申为“以后”的概念。|https://d.bmcx.com/shouyu/_file/4/875ebc1d86d3acba.png
jia	家	双手搭成“＾”形，如屋顶状|https://d.bmcx.com/shouyu/_file/1/dcf91244457af79a.png
jia-xiang	家乡	双手搭成“＾”形，如屋顶状；一手食指书空“乡”字。|https://d.bmcx.com/shouyu/_file/1/dcf91244457af79a.png|https://d.bmcx.com/shouyu/_file/1/e3625ec9267b6289.png
xue-xiao	学校	（一）双手放于面前，如读书状。（二）双手搭成“＾”形|https://d.bmcx.com/shouyu/_file/9/0f74acb8a4d26201.png
jiao-shi	教室	（一）双手拇指与四指相捏，指尖相对，微动几下。（二）双手搭成“＾”形。|https://d.bmcx.com/shouyu/_file/3/b856a9dbe9c944eb.png
tu-shu-guan	图书馆	（一）一手食、中指伸直并拢，先贴于另一手掌心，然后向外翻转，如翻书状。（二）双手搭成“＾”形。|https://d.bmcx.com/shouyu/_file/7/b517129e486870e2.png
shi-tang	食堂	（一）一手伸食、中指在口边划动，如用筷子吃饭状。（二）双手搭成“＾”形，如屋顶状。|https://d.bmcx.com/shouyu/_file/1/c168f7195b133931.png
ban-gong-shi	办公室	（一）双手互拍手背。（二）双手拇、食指搭成“公”字形。（三）双手搭成“＾”形。|https://d.bmcx.com/shouyu/_file/0/c76360dd58ea8815.png
yi-yuan	医院	（一）一手拇、食指搭成“十”字形置于前额。（二）双手搭成“＾”形。|https://d.bmcx.com/shouyu/_file/7/625e00d01db22175.png
yao-dian	药店	一手连打手指字母“Y”“O”两个指式。|https://d.bmcx.com/shouyu/_file/2/2d4f550243d8f2a0.png
yin-hang	银行	（一）双手拇、食指捏成圆形，一前一后交替移动,表示银钱进出。（二）双手指尖搭成“＾”形。|https://d.bmcx.com/shouyu/_file/d/abec28c120dd4db0.png
you-ju	邮局	（一）一手食、中指并拢，在另一手掌心上轻拍一下，象征贴邮票。（二）双手搭成“＾”形。|https://d.bmcx.com/shouyu/_file/a/60902be543f2961a.png
shang-dian	商店	（一）双手掌心向上，在胸前交互转圈子，表示“买卖”之意。（二）双手指尖搭成“＾”形。|https://d.bmcx.com/shouyu/_file/5/5ef16b8dae5156a0.png
gong-yuan	公园	双手拇、食指搭成“公”字形()|https://d.bmcx.com/shouyu/_file/6/24a208ac901aa071.png
dian-ying-yuan	电影院	一手五指张开，掌心向内，在前面摆动几下。|https://d.bmcx.com/shouyu/_file/a/ec4a3439fa605c36.png
gong-si	公司	（一）双手拇、食指相搭成“公”字。（二）手指字母“S”的指式。|https://d.bmcx.com/shouyu/_file/0/3f60ef3729437da5.png
cheng-shi	城市	（一）（二）双手伸食指，指背向上，指尖相对，作“长城”形向两旁分开，象征城垛。（二）手指字母“SH”的指式转一圈。|https://d.bmcx.com/shouyu/_file/5/2b10bed25fd32e68.png
nong-cun	农村	（一）双手五指弯曲，掌心向下，向后波动几下。（二）双手相搭成“＾”形，并转一圈。|https://d.bmcx.com/shouyu/_file/3/5425826897d01fad.png
fan-guan	饭馆	（一）一手拇、食指相对，中间留有米粒大小距离。（二）一手伸食、中指象征筷子，作吃饭动作。|https://d.bmcx.com/shouyu/_file/5/83e302fefdbdb7fa.png
ce-suo	厕所	一手拇、食指弯曲，其余三指伸直。|https://d.bmcx.com/shouyu/_file/6/15aa348638f20150.png
chi	吃	一手伸食、中指，由外向嘴边拨动，模拟用筷子吃饭状。|https://d.bmcx.com/shouyu/_file/a/cd884b2e4027f3fb.png
he	喝	一手五指虚握，如拿杯子状，然后放在嘴边作喝水状。|https://d.bmcx.com/shouyu/_file/a/f9beb6059d5e8e4e.png
mi-fan	米饭	（一）一手拇、食指相对，中间留有米粒大小距离。（二）一手伸食、中指象征筷子，作吃饭动作。|https://d.bmcx.com/shouyu/_file/e/419d29f7f00f30bb.png
mian-tiao	面条	（一）手指字母“M”的指式。（二）一手伸食、中指，由胸部向嘴边提，如用筷子夹吃面条状。|https://d.bmcx.com/shouyu/_file/a/7f1162604e8befb5.png
ji-dan	鸡蛋	一手拇、食指捏成尖形，手背贴于嘴上，指尖开合几下，表示鸡的嘴。；双手拇、食指搭成椭圆形，然后作打蛋动作。|https://d.bmcx.com/shouyu/_file/a/6d48491c52367955.png|https://d.bmcx.com/shouyu/_file/b/f65a5dc38b441a42.png
rou	肉	一手拇、食指捏另一手小鱼际的部位。|https://d.bmcx.com/shouyu/_file/7/0e266c302512e42b.png
shu-cai	蔬菜	双手五指撮合，指尖向上。向上伸出，同时放开五指。|https://d.bmcx.com/shouyu/_file/f/30e3f05515fa7a4c.png
shui-guo	水果	（一）一手平伸，掌心向下，向旁作波纹状移动，即“水”手势。（二）双手拇、食指搭成圆形。|https://d.bmcx.com/shouyu/_file/e/6493ebadc1652a2c.png
ping-guo	苹果	（一）双手并排，掌心向下，向两边平行拉开。（二）双手拇、食指搭成圆形，如苹果大小。|https://d.bmcx.com/shouyu/_file/e/b6edda9028e9d02e.png
cha	茶	一手五指虚握成半圆形，虎口向上。另一手拇、食、中指撮合，向半圆形中一甩，如向杯中放茶叶状。|https://d.bmcx.com/shouyu/_file/4/05071fa680197f02.png
niu-nai	牛奶	（一）一手伸拇、小指，拇指指尖抵于太阳穴上，象征牛角。（二）一手五指微曲，在胸侧作挤奶状。|https://d.bmcx.com/shouyu/_file/b/be2d1adbf897705b.png
ka-fei	咖啡	左手五指虚握成拿杯状；右手指字母“K”的指式，中指对准左手虎口，做搅拌动作。|https://d.bmcx.com/shouyu/_file/a/e78f6d3dc9b84827.png
pi-jiu	啤酒	（一）手指字母“P”的指式。（二）一手打手指字母“J”的指式放在嘴边，作喝酒状。|https://d.bmcx.com/shouyu/_file/8/1ad347129e64f5bb.png
tang	汤	一手拇、食指相捏，如持汤匙送向口边，作喝汤状。|https://d.bmcx.com/shouyu/_file/e/81c1cfdfab005f37.png
e	饿	一手捂于胃部，上身微前倾，脸部显出饥饿的神态|https://d.bmcx.com/shouyu/_file/8/8850058f638ef0c8.png
ke	渴	|
bao	饱	一手五指并拢，掌心向下，自下向上移到喉部，表示吃饱了。|https://d.bmcx.com/shouyu/_file/d/87a79ba5cd1deadf.png
tian	甜	一手食指点两下臌起的腮部，与“糖”的手势相同。|https://d.bmcx.com/shouyu/_file/0/366714380ec8b7d2.png
suan	酸	一手拇、食指相捏，放于口边，两腮向内缩，模拟尝到酸状。|https://d.bmcx.com/shouyu/_file/1/7e200bb3d13cba36.png
la	辣	一手五指并拢，指尖对着嘴部，然后手指向前张开，嘴微动，脸露辛辣状。|https://d.bmcx.com/shouyu/_file/6/b000807d3242e651.png
xian	咸	一手打手指字母“X”的指式，并在嘴前上下微动，脸上流露出尝到咸味的表情。与“盐”的手势相同。|https://d.bmcx.com/shouyu/_file/a/c15fd43db95ed199.png
lai	来	一手掌心向下，由外向内挥动。|https://d.bmcx.com/shouyu/_file/2/5a050a90aa20dc6b.png
qu	去	一手拇、小指伸直，由内向外移动。|https://d.bmcx.com/shouyu/_file/1/790ff8b4584d5f07.png
zou	走	一手伸开食、中指，指尖向下，一前一后交替向前移动。|https://d.bmcx.com/shouyu/_file/3/355085839af42341.png
pao	跑	两手握拳放于腰两侧，并前后摆动。|https://d.bmcx.com/shouyu/_file/6/df1095e4e3f6c813.png
zuo	坐	一手伸出拇、小指，坐于另一手掌心上。|https://d.bmcx.com/shouyu/_file/8/55b3e3d6cee30308.png
zhan	站	一手伸食、中指，指尖向下伸直，抵于另一手掌心上。|https://d.bmcx.com/shouyu/_file/0/bf586c732bbc210a.png
kan	看	一手伸食、中指，从眼部向前微伸一下。|https://d.bmcx.com/shouyu/_file/c/fe15c10cf5cd63db.png
ting	听	一手贴于耳部，表示在听。|https://d.bmcx.com/shouyu/_file/b/76860c03914fb740.png
shuo	说	一手食指横于嘴前转动几下，表示说话。|https://d.bmcx.com/shouyu/_file/5/0d837e0d5a73a8a0.png
xie	写	|
zhao	找	|
deng	等	一手背贴于颏下，表示张望、等候之意。|https://d.bmcx.com/shouyu/_file/b/0cf3e3e184fb6fe6.png
mai	买	双手平伸，手心向上，一手在另一手掌心上拍打一下，然后向里移，表示买进东西。|https://d.bmcx.com/shouyu/_file/e/ddcc8ece89c24c7d.png
mai	卖	双手平伸，手心向上，一手在另一手掌心上拍打一下，然后向外移，表示卖出东西|https://d.bmcx.com/shouyu/_file/a/3a72db21408ec169.png
na	拿	一手向下微抓，如拿物状，然后向上提起。|https://d.bmcx.com/shouyu/_file/8/41a8706739155b47.png
gei	给	一手五指虚握，掌心向上，向外伸出，张开手掌，如把物品归还给别人。|https://d.bmcx.com/shouyu/_file/a/849ae751152e5ca9.png
kai	开	双手并排，掌心向外，然后向内翻掌并拉开，掌心向内。|https://d.bmcx.com/shouyu/_file/d/04ac209d7a0f2727.png
guan	关	双手伸掌，掌心向内，然后向外翻掌，双手并拢，掌心向外。|https://d.bmcx.com/shouyu/_file/3/2d4b52038a081f5d.png
xi	洗	模拟洗的具体动作。|https://d.bmcx.com/shouyu/_file/e/5e3fa860c485a524.png
xi-zao	洗澡	双手五指分开，掌心贴于胸部，上下交替擦动，如洗澡动作。|https://d.bmcx.com/shouyu/_file/e/be51b1d9e9852658.png
shui-jiao	睡觉	一手掌心捂于头侧，头微倾，闭眼，如睡觉状。|https://d.bmcx.com/shouyu/_file/3/a506195556ba346c.png
qi-chuang	起床	一手伸拇、小指，先“躺”在另一手掌心中，再“立”起来，表示“起身”。|https://d.bmcx.com/shouyu/_file/b/e50f1087963463a2.png
da-sao	打扫	一手握拳向下击打|https://d.bmcx.com/shouyu/_file/0/83e01a46a5c80f5d.png
xiu-xi	休息	双手交叉贴于胸前，表示休息之意。|https://d.bmcx.com/shouyu/_file/6/fbc1e4bb5cc7c367.png
xiang	想	一手食指置太阳穴处转动，显示动脑思索的神情|https://d.bmcx.com/shouyu/_file/8/1a6fdfcd83ee37b3.png
yao	要	一手平伸，掌心向上，由外向里微微拉动。|https://d.bmcx.com/shouyu/_file/b/d31edab1072aaa7e.png
yong	用	一手向前伸出小臂，五指先张开，然后从前向后微移，并收拢五指，表示从外界得到所需物品。以此引申为“用”“使用”之意。|https://d.bmcx.com/shouyu/_file/9/296fa8091cfc79a6.png
you	有	一手拇、食指伸直，拇指不动，食指弯动几下。|https://d.bmcx.com/shouyu/_file/b/3ebef3611cd54be6.png
mei-you	没有	一手拇、食、中指捻动，连续几次。|https://d.bmcx.com/shouyu/_file/0/681ac965b45b1cb1.png
hui	会	|
zhi-dao	知道	一手食指直立，指尖朝太阳穴处敲两下。|https://d.bmcx.com/shouyu/_file/no_picture.png
ming-bai	明白	一手五指撮合，向上作弧形移动，同时张开五指。；一手从另一手背上划过，并打出手指字母“B”的指式|https://d.bmcx.com/shouyu/_file/8/ad355b06a9b2b753.png|https://d.bmcx.com/shouyu/_file/4/0fbafe13e6a776ce.png
wang-ji	忘记	一手五指并拢，现在前额虚按一下，再转向脑后虚按一下，表示把原记住的事情丢在脑后。|https://d.bmcx.com/shouyu/_file/3/803d9ad267ffc6d1.png
wen	问	|
kai-shi	开始	（一）双手竖立靠拢，掌心向外，然后作“开门”状。（二）一手食指打一下另一手拇指。|https://d.bmcx.com/shouyu/_file/c/1463f6b853d4e4e3.png
jie-shu	结束	一手拇指与四指相对，逐渐并拢，再向下一甩，表示“完了”、“好了”。|https://d.bmcx.com/shouyu/_file/b/2ea43eda6d301956.png
chang-ge	唱歌	一手食指指尖抵在喉部，嘴微张，头向两侧微摆，模仿唱歌状。|https://d.bmcx.com/shouyu/_file/3/1b4113e79c7dfc58.png
tiao-wu	跳舞	左手平伸，掌心向上，右手伸食、中指，指尖分开微曲，先立于左掌心上，然后迅速向上提起。|https://d.bmcx.com/shouyu/_file/f/0f848bd57abf38ef.png
you-yong	游泳	双手微曲，两臂同时向前伸出、划动，如游泳动作。|https://d.bmcx.com/shouyu/_file/8/31fd20ec8c87c074.png
yun-dong	运动	双手握拳，在身侧交替摆动，如跑步动作。|https://d.bmcx.com/shouyu/_file/1/8f3d04ae55c45b81.png
lv-you	旅游	（一）一手伸出拇、小指转动两圈。（二）一手掌心向内，在眼前转一圈。|https://d.bmcx.com/shouyu/_file/c/26f8ae607c035ec4.png
jian-mian	见面	两手各伸出拇、小指，由两旁向中间靠近，象征两个人会见|https://d.bmcx.com/shouyu/_file/6/96a96f45c765da26.png
liao-tian	聊天	（一）双手伸直，掌心相对，在嘴边前后交替移动。（二）一手伸食指，指尖朝上，从一侧向另一侧连续点动几下。|https://d.bmcx.com/shouyu/_file/7/b81a7a7cc4a0430c.png
shou-yu	手语	双手五指微曲，交替上下舞动，手指灵活曲伸，如打手势动作|https://d.bmcx.com/shouyu/_file/d/f4f6805dfc65d5e9.png
xue-xi	学习	（一）双手放于面前，如读书状。（二）一手五指撮合，按于前额。|https://d.bmcx.com/shouyu/_file/b/8213116d28197ba5.png
fu-xi	复习	（一）双手掌心上下相贴，下面的手不动，上面的手翻转一下，手背贴于掌心。（二）一手五指撮合，按于前额。|https://d.bmcx.com/shouyu/_file/d/c2a4eadfdee80325.png
lian-xi	练习	（一）双手掌心上下相贴，下面的手不动，上面的手翻转一下，手背贴于掌心。（二）一手五指撮合，按于前额。|https://d.bmcx.com/shouyu/_file/8/0568741e0f3e2185.png
kao-shi	考试	（一）双手伸拇指，交替上下动，表示比较、比试。（二）一手食、中指指尖指着双眼，交替微动。|https://d.bmcx.com/shouyu/_file/e/b589a1810a023844.png
dian-ying	电影	一手五指张开，掌心向内，在前面摆动几下。|https://d.bmcx.com/shouyu/_file/a/ec4a3439fa605c36.png
dian-shi	电视	（一） 一手五指张开，掌心向内，在面前摆动几下，象征屏幕上画面的不断交换。（二）双手食指空书“┌┐”形，如电视机外形。|https://d.bmcx.com/shouyu/_file/9/6a68aeffe07d941a.png
zhao-pian	照片	（一）双手食指弯曲，如持摄影机，放于眼前。一手食指向下按一下，如按摄影机快门动作。（二）双手拇、食指搭成长方形，向两旁微移。|https://d.bmcx.com/shouyu/_file/d/e4663955f903c611.png
you-xi	游戏	双手伸出拇、小指，交替转动。|https://d.bmcx.com/shouyu/_file/5/4d43283c8fba828d.png
dian-hua	电话	一手伸拇、小指，拇指置于耳边，小指置于口边如大电话状。|https://d.bmcx.com/shouyu/_file/d/4446ef59fab90cc0.png
shou-ji	手机	|
dian-nao	电脑	（一）一手食指书空“闪电”形。（二）一手食指点一下太阳穴处。|https://d.bmcx.com/shouyu/_file/9/5d7835e1535192cf.png
gong-zuo	工作	双手握拳，上拳打下拳，即“做”手势，引申为“工作”。|https://d.bmcx.com/shouyu/_file/4/10646cb55ffa37a3.png
shang-ban	上班	（一）一手食指向上指。（二）双手握拳，上拳打下拳，即“做”手势，引申为“工作”。|https://d.bmcx.com/shouyu/_file/f/9d6fc8b6b479080a.png
xia-ban	下班	（一）一手食指向下指。（二）双手握拳，上拳打下拳，即“做”手势，引申为“工作”。|https://d.bmcx.com/shouyu/_file/b/4215ed09dc0cba05.png
kai-hui	开会	（一）双手掌心相对，手指伸直并拢，然后双手同时向左右两侧外翻，手背向外。（二）双手五指微曲，从两侧向中间并拢。|https://d.bmcx.com/shouyu/_file/d/9165becb26c1c531.png
nu-li	努力	（一）双手握拳屈肘，在胸前交替向前转动两下。（二）一手握拳屈肘，向内弯动一下。|https://d.bmcx.com/shouyu/_file/8/3ca5c95279ea9054.png
cheng-gong	成功	一手伸出拇指，在胸前向上举。|https://d.bmcx.com/shouyu/_file/e/6215c782d07b5797.png
shi-bai	失败	一手伸出小指，指尖向上，由上向下移动。|https://d.bmcx.com/shouyu/_file/8/002fc5351ee9757a.png
jin-bu	进步	一手拇、食指相捏，边向前伸出两指。|https://d.bmcx.com/shouyu/_file/8/d5d91167f3e96391.png
ji-hua	计划	（一）一手食指在太阳穴转一小圈。（二）左手平伸，掌心向下。右手指尖沿左手小指边缘划一条线，表示计划。|https://d.bmcx.com/shouyu/_file/1/b736a2d010da93e1.png
xuan-ze	选择	一）左手五指张开伸直，右手拇、食指捏一下左手食指，然后向上一提，表示“选拔”“选择”。（二）一手上举，表示“同意”，“承认”。|https://d.bmcx.com/shouyu/_file/7/cff5793d34889497.png
jue-ding	决定	（一）同“表决”手势（二）。（二）一手食指自上而下挥动一下。|https://d.bmcx.com/shouyu/_file/b/93906a2b2f502083.png
xi-wang	希望	一手打手指字母“X”的指式，先置于太阳穴处，然后向外挥动。|https://d.bmcx.com/shouyu/_file/9/8941bce7b699670e.png
xi-guan	习惯	一手五指撮合，指尖在前额按一下，再向下移，并张开五指。|https://d.bmcx.com/shouyu/_file/8/8fcecb889dacae35.png
xing-qu	兴趣	一手拇、食指相捏，放在嘴边捻动，如品尝状而脸露笑容。|https://d.bmcx.com/shouyu/_file/e/b4bad041b9dee78d.png
gao-xing	高兴	双手掌心向上，在胸前上下扇动，脸露笑容。|https://d.bmcx.com/shouyu/_file/8/36e09d80f884cc13.png
sheng-qi	生气	一手连续打出手指字母“SH”“NG”的指式。|https://d.bmcx.com/shouyu/_file/9/f4111a4780cfe5a7.png
nan-guo	难过	一手虚握贴于胸部，并转动几下，脸露愁容。|https://d.bmcx.com/shouyu/_file/f/55845be236936890.png
lei	累	一手握拳敲打另一侧臂部，脸现倦容，表示劳累之意。|https://d.bmcx.com/shouyu/_file/1/98db96f7d3459c29.png
jin-zhang	紧张	双手紧紧握拳，在胸前上下微动，脸露“紧张”的神态。|https://d.bmcx.com/shouyu/_file/7/94a165c80491a989.png
hai-pa	害怕	一手拍几下胸部，脸露害怕神态。|https://d.bmcx.com/shouyu/_file/6/77d982d9227ada3e.png
man-yi	满意	（一）一手平伸，掌心向下，从腹部向颏部移动。（二）一手食指伸直。因“一”与“意”谐音，此处借用。|https://d.bmcx.com/shouyu/_file/9/d3c1b40b6a342488.png
xi-huan	喜欢	一手拇、食指微曲，指尖抵于颌下，头微微点动一下。|https://d.bmcx.com/shouyu/_file/f/122e4fd70bdc5dcb.png
ai	爱	一手轻轻抚摩另一手拇指指背，表示一种“怜爱”的感情。|https://d.bmcx.com/shouyu/_file/9/e164a2e0a23953e2.png
shen-ti	身体	双手掌心向内，贴于胸部，向下微移，象征身体。|https://d.bmcx.com/shouyu/_file/1/c445e01cd3502902.png
jian-kang	健康	双手贴于胸前，向下微移，同时握拳伸拇指并向下一顿。|https://d.bmcx.com/shouyu/_file/7/daccfd47340849fd.png
sheng-bing	生病	一手连续打出手指字母“SH”“NG”的指式。；一手食、中、无名指搭于另一手脉门处，如中医诊脉动作。|https://d.bmcx.com/shouyu/_file/9/f4111a4780cfe5a7.png|https://d.bmcx.com/shouyu/_file/a/2c0e06eccc262679.png
gan-mao	感冒	一手五指撮合，指尖抵于额部，面现痛苦表情，表示头痛。另一手捂于胸部，表示胸闷难受。|https://d.bmcx.com/shouyu/_file/4/e95e857364dfa296.png
fa-shao	发烧	一手先按于前额，面作痛苦表情，然后手移至头边，五指微曲，指尖向上，微动两下。|https://d.bmcx.com/shouyu/_file/9/95b325dbd4571a96.png
teng	疼	|
yao	药	一手连打手指字母“Y”“O”两个指式。|https://d.bmcx.com/shouyu/_file/2/2d4f550243d8f2a0.png
da-zhen	打针	一手握拳向下击打；一手先作执针缝衣动作，然后再伸出拇、食指，相距约一寸，如针的长度。|https://d.bmcx.com/shouyu/_file/0/83e01a46a5c80f5d.png|https://d.bmcx.com/shouyu/_file/c/9dfffd104deec8ac.png
tou	头	|
yan-jing	眼睛	一手食指指眼部。|https://d.bmcx.com/shouyu/_file/c/d28e54cf59b1f747.png
er-duo	耳朵	一手食指指耳朵。|https://d.bmcx.com/shouyu/_file/2/2a6886973565a41f.png
zui	嘴	|
shou	手	|
jiao	脚	左手平伸，手背向上，五指并拢；右手掌在左手背上从前向后摸一下。|https://d.bmcx.com/shouyu/_file/4/dbeb552707045394.png
hao	好	一手握拳，向上伸出拇指。|https://d.bmcx.com/shouyu/_file/4/a9e6c888edf50dfc.png
huai	坏	一手握拳，向下伸出小指。|https://d.bmcx.com/shouyu/_file/c/dd098d8abaed4703.png
da	大	右手食指书空“大”字()|https://d.bmcx.com/shouyu/_file/6/0c9a591278d60ee1.png
xiao	小	一手拇指捏小指指尖。|https://d.bmcx.com/shouyu/_file/8/139020994309ca81.png
duo	多	一手五指伸开、微曲，微微抖动几下。|https://d.bmcx.com/shouyu/_file/7/620954f500f84099.png
shao	少	一手拇、食指相捏，拇指弹动食指尖。|https://d.bmcx.com/shouyu/_file/2/4c192291967ada4b.png
kuai	快	一手拇、食指相捏，很快地从一侧向另一侧作快速挥动，象征物体运动速度很快。|https://d.bmcx.com/shouyu/_file/5/390576c7856e5e36.png
man	慢	一手掌心向下，慢慢地上下微动几下，象征物体运动速度缓慢。|https://d.bmcx.com/shouyu/_file/0/92c62ab6d8bddb3f.png
gao	高	一手平伸，掌心向下，向上举过头。|https://d.bmcx.com/shouyu/_file/9/094bc5720c812bbe.png
ai	矮	一手平伸，掌心向下，往下微。|https://d.bmcx.com/shouyu/_file/4/217380eb19222c5e.png
zhang	长	双手食指相对，从中间向两侧拉开。|https://d.bmcx.com/shouyu/_file/d/0cebcd97212cd780.png
duan	短	双手伸出食指，指面相对，由两侧向中间靠拢至相距寸许。|https://d.bmcx.com/shouyu/_file/d/75f9c6d48539ac12.png
xin	新	一手伸出拇指，从另一手背上向外划过，表示“全好”之意，此引申为“新”。|https://d.bmcx.com/shouyu/_file/b/4e0d691e17b92c69.png
piao-liang	漂亮	一手食、中指先置于鼻部，然后下移并收缩，伸出拇指，表示美、美丽、漂亮、好看的意思。|https://d.bmcx.com/shouyu/_file/0/349cc3d904044fc5.png
gan-jing	干净	双手五指平伸，指尖相对，然后向上升起|https://d.bmcx.com/shouyu/_file/3/ca1335c544d2d69c.png
zang	脏	一手伸出小指，在胸前由上向下挥动一下，表示衣服很脏之意。|https://d.bmcx.com/shouyu/_file/8/0e122d463be286b1.png
re	热	一手五指微张，自前额向面颊部划动，象征流汗。（可根据实际情况模仿热的状态）|https://d.bmcx.com/shouyu/_file/2/113508c499720a7b.png
leng	冷	双手握拳曲肘，臂部贴在身上微动，如冷得发抖状。|https://d.bmcx.com/shouyu/_file/e/d98268ea79a59309.png
nuan-huo	暖和	双手微曲，掌心向上，由腹部慢慢地移到胸部。|https://d.bmcx.com/shouyu/_file/9/d63ba5556064988c.png
liang-kuai	凉快	双手握拳曲肘，臂部贴在身上微动，如冷得发抖状。；一手拇、食指相捏，很快地从一侧向另一侧作快速挥动，象征物体运动速度很快。|https://d.bmcx.com/shouyu/_file/7/35abd7d0289fddc2.png|https://d.bmcx.com/shouyu/_file/5/390576c7856e5e36.png
shen-me	什么	双手伸开，掌心向下，然后翻转为掌心向上。|https://d.bmcx.com/shouyu/_file/0/b59e7d87423688f0.png
shui	谁	一手伸食指，指尖向上，在肩前摇动。|https://d.bmcx.com/shouyu/_file/c/635b5a0aa6dbc2f2.png
na-li	哪里	一手食指指尖向外，作波纹状移动几下。|https://d.bmcx.com/shouyu/_file/f/ca4f6564dd94fc53.png
wei-shen-me	为什么	（一）一手伸出拇、食指，转动几下。（二）双手伸开，掌心向下，然后翻转为掌心向上。|https://d.bmcx.com/shouyu/_file/8/0973370465b839bd.png
zen-me	怎么	双手握拳，右拳打一下左拳。左拳不动，右拳向上翻开手掌。|https://d.bmcx.com/shouyu/_file/8/71f8e0b07b6de737.png
duo-shao	多少	一手五指分开，指尖向上，手指微微抖动几下，表示“数量”“多少”之意。|https://d.bmcx.com/shouyu/_file/8/3858f0817d0db83e.png
ji	几	同多少，一手五指分开，指尖向上，手指微微抖动几下，表示“数量”“多少”之意。|https://d.bmcx.com/shouyu/_file/8/3858f0817d0db83e.png
wen-ti	问题	右手食指伸出，先书空问号上半部“？”形，再向前一指。|https://d.bmcx.com/shouyu/_file/e/312272151ac7244b.png
da-an	答案	（一）一手食指直立，手背向内，然后手腕向内转动，食指指尖指向嘴部。（二）一手虚握，在另一手掌心上逐一伸出食、中、无名、小指。|https://d.bmcx.com/shouyu/_file/8/010c3c9ed7b9a67e.png
yi-si	意思	（一）手指字母“Y”的指式。（二）一手食指在太阳穴处转一圈。|https://d.bmcx.com/shouyu/_file/9/3f6e3642449388fe.png
qian	钱	一手拇、食指捏成小圆形，向外微动几下。|https://d.bmcx.com/shouyu/_file/0/68a367deb28bf5d3.png
pian-yi	便宜	一手拇、食指指尖相捏，在另一手掌心上轻拍两下，表示钱很少，即便宜之意。|https://d.bmcx.com/shouyu/_file/8/d663e9a04b0295bb.png
gui	贵	|
yi-fu	衣服	双手掌心贴胸向下移，至小腹处向左右横划。这是上装的外形特征，用来代表“衣服”这个概念。夹衣、棉衣、毛衣等均用此手势。|https://d.bmcx.com/shouyu/_file/5/8a56d451332d42ed.png
xie-zi	鞋子	左手五指微曲。掌心向下，右手指尖向左掌心微曲处插入，如穿鞋状。布鞋、棉鞋、皮鞋等均用此作基本手势。|https://d.bmcx.com/shouyu/_file/9/bce864a02d3604c3.png
mao-zi	帽子	一手做执帽向头上戴的动作。|https://d.bmcx.com/shouyu/_file/4/9f95a9d099fd6936.png
shu	书	双手掌心相合，再打开来，如翻书本状。|https://d.bmcx.com/shouyu/_file/4/165740a07f0c78a0.png
zhi	纸	双手拇指与四指相捏，腕部微微振动几下。|https://d.bmcx.com/shouyu/_file/f/d57455aad840561b.png
bao	包	双手掌心向上，右手向左一翻；左手向右一翻，手背向上，模仿包东西状。|https://d.bmcx.com/shouyu/_file/4/58f5fcd4c1ca2ef7.png
men	门	双手五指并拢，掌心向外，并排直立，模拟两扇关着的门的形状。|https://d.bmcx.com/shouyu/_file/f/f885d709a8c870a7.png
chuang	窗	一手四指分开伸直，横、直各划一下，形成方格状，表示窗子|https://d.bmcx.com/shouyu/_file/5/8d964695251231cc.png
zhuo-zi	桌子	双手平伸，掌心向下，从中间向左右平移，成“┌┐”形，如桌子状。|https://d.bmcx.com/shouyu/_file/d/712c69a9d0def0ef.png
yi-zi	椅子	左手直伸，右手四指与左掌成直角，指尖抵住左掌心，如椅子形状。|https://d.bmcx.com/shouyu/_file/d/54a591b9f665c598.png
chuang	床	双手食、小指向上伸直，中、无名指与掌成直角，指尖相触，拇指自然微曲，搭乘“床”形状。|https://d.bmcx.com/shouyu/_file/d/ec0f28e1af9d5997.png
deng	灯	一手五指撮合，指尖向下，然后五指放开，象征灯光。()|https://d.bmcx.com/shouyu/_file/4/a8bec1343979a386.png
yao-shi	钥匙	左手拇、食指捏成小圆圈。右手拇、食指相捏，如执钥匙状，对准小圆转动，如开锁动作。|https://d.bmcx.com/shouyu/_file/8/05dfeeb2536835cf.png
li-wu	礼物	（一）双手五指撮合，如捏物状，向上稍提。（二）双手食指互碰一下，同时分开五指（即“物件”手势）。|https://d.bmcx.com/shouyu/_file/e/14c78be4293a8b21.png
huo-che	火车	左手食、中指伸直平放，象征铁轨。右手食、中指弯曲如钩，指尖抵在座手食、中指上，并向前移动，象征火车在轨道上行驶。|https://d.bmcx.com/shouyu/_file/b/653618b12cf8af74.png
qi-che	汽车	双手虚握如握方向盘，左右转动，模仿操纵方向盘动作。|https://d.bmcx.com/shouyu/_file/9/904e859b64e24055.png
gong-gong-qi-che	公共汽车	（一）双手拇、食指搭成“公”字。（二）双手虚握如握方向盘，左右转动，模仿操纵方向盘动作。|https://d.bmcx.com/shouyu/_file/e/460c004bdb81480a.png
di-tie	地铁	|https://d.bmcx.com/shouyu/_file/3/c938101a361eeb58.png
fei-ji	飞机	一手伸拇、小指，掌心向下，向前上方作弧形移动，象征飞机外形及起飞情况。|https://d.bmcx.com/shouyu/_file/d/e32807362fa9e429.png
zi-xing-che	自行车	双手握拳，在胸前交替转圈子，如踏自行车动作。|https://d.bmcx.com/shouyu/_file/e/16422d1147976963.png
chu-zu-che	出租车	一手抚打手指字母“Z”的指式置于胸前，然后手掌平伸，掌心向上，由里向外伸出。|https://d.bmcx.com/shouyu/_file/2/4356844c2f27197e.png
chuan	船	双手侧伸，指尖相抵向前移动，如船向前行驶。|https://d.bmcx.com/shouyu/_file/4/1cdfaa56855d2eec.png
lu	路	双手侧伸，掌心相对，相距尺余，向前方伸出，表示笔直的大路|https://d.bmcx.com/shouyu/_file/4/c5e4893946a53005.png
ma-lu	马路	一手食指直伸，虎口贴近太阳穴，前后微动几下，如马的耳朵。；双手侧伸，掌心相对，相距尺余，向前方伸出，表示笔直的大路|https://d.bmcx.com/shouyu/_file/1/e46453b4cc7e2442.png|https://d.bmcx.com/shouyu/_file/4/c5e4893946a53005.png
tian-qi	天气	（一）一手伸食指，指尖向上，在头侧上方转动一圈。（二）一手搭“Q”指式，置于鼻孔前。|https://d.bmcx.com/shouyu/_file/9/1c06f079cba24556.png
qing	晴	一手五指并拢，掌心向外，置于头部前方，向一边移动，同时伸出拇指，表示天气晴朗。|https://d.bmcx.com/shouyu/_file/f/648e1b2bf503338c.png
yin	阴	一手伸出小指，指尖向上，在头前上方转一圈，表示天气不好，是阴天。|https://d.bmcx.com/shouyu/_file/2/705fcc24ea8837be.png
xia-yu	下雨	一手五指分开微曲，指尖向下，上下快速动几下，象征雨点落下。|https://d.bmcx.com/shouyu/_file/d/35890fec30810f7d.png
xia-xue	下雪	一手伸食指向下指。；双手五指分开微曲，指尖向下，食指微微飘动，双手缓缓下降并向一旁飘移，象征雪花飘落之状。|https://d.bmcx.com/shouyu/_file/7/edb52e7728564764.png|https://d.bmcx.com/shouyu/_file/5/21b0124398d80c74.png
feng	风	一手五指分开微曲，指尖向上，左右来回扇动，象征空气流动（即刮风）。|https://d.bmcx.com/shouyu/_file/2/d70bd3fd313b3fd7.png
tai-yang	太阳	左手身出拇、食指，微微弯曲，置于头侧上方。右手五指虚撮，从左手虎口内斜着向下移，同时放开五指，象征太阳的光芒。|https://d.bmcx.com/shouyu/_file/4/6487e9c6eb82c42e.png
yue-liang	月亮	双手伸拇、食指，相距约一寸，指尖相对，然后作弧形分开向左右下移，同时拇、食指间距渐小，如半弦新月状。|https://d.bmcx.com/shouyu/_file/3/ad7751d013f1e7e1.png
xing-xing	星星	一手拇、食指捏成小圆圈，在头上一顿一顿的移动几下，象征天上的星星。|https://d.bmcx.com/shouyu/_file/5/3f9fcd771614f454.png
chun-tian	春天	右手伸食指在左拳食指骨节处点一下，表示第一个季节。|https://d.bmcx.com/shouyu/_file/4/f6830f77c26641db.png
xia-tian	夏天	右手伸食指在左拳中指骨节处点一下，表示第二个季节。|https://d.bmcx.com/shouyu/_file/1/8067eaf5f5b9dc40.png
qiu-tian	秋天	右手伸食指在左拳无名指骨节处点一下，表示第三个季节。|https://d.bmcx.com/shouyu/_file/e/ef162ca36caaf82e.png
dong-tian	冬天	右手伸食指在左拳小指骨节处点一下，表示第四个季节。|https://d.bmcx.com/shouyu/_file/0/79100c19870ddbff.png
chun-jie	春节	（一）右手伸食指点在左拳食指骨节处（同“春”手势）。（二）双手抱拳作拱手祝贺状。|https://d.bmcx.com/shouyu/_file/3/5778e94259e28165.png
jie-ri	节日	（一）一手打出手指字母“J”的指式。（二）一手拇、食两指弯曲成半圆形，从一边向另一边作半弧形移动，象征从日出到日落，即一天的时间。|https://d.bmcx.com/shouyu/_file/c/27c818e6fc0f3f93.png
sheng-ri	生日	（一）左手虚握，虎口向上；右手小指置于左拳内，再向下抽出。（二）同“日期”手势（一手拇、食指两指弯曲成半圆形，从一边向另一边作半弧形移动。）|https://d.bmcx.com/shouyu/_file/c/a7993e6d227e3598.png
