你好|greet|先指对方再竖大拇指,最基础的一句
早上好|greet|五指从捏到张开,像天色由暗转明
中午好|greet|"十二点"加"好"
晚上好|greet|五指边合拢边下移,像天色变暗
晚安|greet|"晚上"+双手合掌贴脸睡觉
再见|greet|举手挥腕,国际通用
谢谢|greet|伸拇指弯两下,记得微笑
请|greet|双手掌心向上向旁移,像请人入座
对不起|greet|先敬礼式再伸小指点胸口,自责之意
没关系|greet|拇食中指捻动,表示"没事"
欢迎|greet|鼓掌加邀请手势
请问|greet|"请"的动作+疑问表情
帮助|greet|双手斜伸掌心向外按动,像托人一把
拜托|greet|手掌立于肩上,像托付东西
不好意思|greet|摆手+"意思"手势组合
我|people|食指指自己
你|people|食指指向对方
他|people|食指指向旁侧第三人;手语里他/她/它同形
我们|people|先指自己,再掌心向下转一圈表示众人
你们|people|先指对方,再转一圈
大家|people|掌心向下在胸前转一圈,涵盖所有人
人|people|双手食指搭成"人"字形
聋人|people|先指耳(听不见)再搭"人"字
朋友|people|双手拇指互碰,表示友谊
老师|people|双手撮合相对摇动(传授)+拇指贴胸(尊称)
同学|people|"学习"的手势加指示同伴
爸爸|people|拇指贴嘴唇,传统打法
妈妈|people|食指贴嘴唇,与"爸爸"相对
哥哥|people|中指贴嘴唇(排行老大)+“男”手势
姐姐|people|中指贴嘴唇+捏耳垂(女)
弟弟|people|小指贴嘴唇(排行最小)+“男”手势
妹妹|people|小指贴嘴唇+捏耳垂(女)
儿子|people|“男”+“小孩”两个手势组合
女儿|people|“女”+“小孩”两个手势组合
医生|people|三指搭脉+拇指贴胸
护士|people|“十”字置于额前(医院标志)+捏耳垂
服务员|people|手背贴耳前再按肩,像端盘招呼
司机|people|双手虚握转方向盘
一|time|伸食指,其余握拢
二|time|伸食中指
三|time|伸中、无名、小指
四|time|伸食、中、无名、小指
五|time|五指全张开
六|time|伸拇、小指,像打电话手势
七|time|拇、食、中三指相捏
八|time|伸拇、食指张开,像手枪
九|time|食指弯成钩形
十|time|食中指交叉,或拇指食指搭"十"字
今天|time|双掌横于腰部上下微动,"就是现在"
明天|time|食指贴太阳穴再离开,像睡一觉醒来
昨天|time|食指向肩后点,表示过去的一天
现在|time|与"今天"同源,双掌横腰微动
早上|time|手由捏到张开缓缓上抬,天色渐亮
中午|time|打"十""二"两个数字,指十二点
晚上|time|五指边合拢边做弧形下移,天色渐暗
白天|time|"B"指式从左肩移向右,天色大好
时间|time|拇食指抵掌心,食指转动,像时针
星期|time|"七"在食指尖上点一下,七天为一周
星期天|time|右手食指与左掌互碰;周日用"七"手势
年|time|食指沿左拳骨节划下,四节代表四季
月|time|右手食指从左手食指尖向下划,一指一月
小时|time|"时辰"掐指+时针转动
分钟|time|"分"的符号+时针转动
刚才|time|拇食指捏一点点+时针回拨
马上|time|食指贴近太阳穴动几下,像马耳朵
经常|time|食中指在太阳穴轻敲,表示"常常"
以前|time|手向肩后挥,表示过去的时光
以后|time|手向身后搧,表示以后的日子
家|place|双手搭成屋顶"＾"形
家乡|place|屋顶+"乡"的意象,故乡之意
学校|place|读书状+屋顶"＾"形
教室|place|双手捏合微动(讲桌?)+屋顶
图书馆|place|翻书状+屋顶
食堂|place|拿筷子吃饭+屋顶
办公室|place|拍手背+“公”字+屋顶
医院|place|"十"字置于额前+屋顶
药店|place|字母Y、O指式+屋顶
银行|place|双手捏圆交替移动(银钱进出)+屋顶
邮局|place|掌心贴邮票动作+屋顶
商店|place|双手交互转圈表示买卖+屋顶
公园|place|"公"字形+双手搭圆(园地)
电影院|place|"电影"手势+屋顶
公司|place|“公”字+字母S指式
城市|place|食指搭城垛形向两旁开+“市”
农村|place|五指弯曲波动(庄稼)+“＾”形转一圈
饭馆|place|"饭"的手势+屋顶
厕所|place|拇食指弯曲其余伸直,老式打法
中国|place|食指沿旗袍前襟划下,国服的意象
吃|food|食中指如拿筷子拨向嘴边
喝|food|五指虚握如持杯,放嘴边
米饭|food|捏米粒+拿筷子吃饭
面条|food|字母M+筷子夹面条上提
鸡蛋|food|捏鸡嘴+双手搭椭圆打蛋
肉|food|拇指食指捏小鱼际,像捏肉
蔬菜|food|双手撮合向上伸出张开,像菜冒芽
水果|food|"水"波纹+双手搭圆(果子)
苹果|food|双手平拉+搭圆如苹果大小
茶|food|虚握杯子+撮指撒茶叶
牛奶|food|拇小指抵太阳穴(牛角)+挤奶动作
咖啡|food|左手持杯+字母K指式搅拌
啤酒|food|字母P指式+字母J指式放嘴边喝
汤|food|拇食指捏汤匙送向口边
饿|food|捂胃部,身体前倾,面露饥饿
渴|food|持杯状伸向嘴边,面露干渴
饱|food|拍拍肚子,面露满足
甜|food|食指点两下鼓起的腮帮,像含着糖
酸|food|捏指放口边,两腮内缩
辣|food|五指并拢对嘴,突然张开,辣得张嘴
咸|food|字母X指式在嘴前微动,皱眉
来|action|掌心向下,由外向内挥,招呼人过来
去|action|伸拇小指,由内向外移,人走了
走|action|食中指指尖向下,交替向前移,像两条腿
跑|action|双拳放腰侧前后摆动
坐|action|拇小指"坐"在另一掌心上
站|action|食中指指尖向下,抵在另一掌心上
看|action|食中指从眼部向前一指,目光所至
听|action|手贴于耳部,表示倾听
说|action|食指横于嘴前转动,表示说话
写|action|三指执笔,在掌心或空中书写
找|action|食指在眼前左右转动,四处寻找
等|action|手背贴于颏下,翘首张望等候
买|action|拍对方掌心后向里移,东西买进来
卖|action|拍掌心后向外移,东西卖出去
拿|action|向下虚抓再提起
给|action|五指虚握向外伸出张开,把东西给人
开|action|双掌向内翻并拉开,像开门
关|action|双掌向外翻并并拢,像关门
洗|action|模仿洗的具体动作
洗澡|action|双手五指贴胸上下交替擦动
睡觉|action|掌心捂头侧,头微倾闭眼
起床|action|拇小指先"躺"在掌心再"立"起来
打扫|action|"打"一下+手掌左右扫动,如扫地
休息|action|双手交叉贴于胸前
想|action|食指在太阳穴转动,动脑思索
要|action|掌心向上由外向里拉,把东西要过来
用|action|手臂前伸张五指再收拢,取物而用
有|action|拇食指伸直,食指弯动几下
没有|action|拇食中指捻动几次,一点都没了
会|action|食指直立手腕下弯,表示能够做到
知道|action|食指在太阳穴处敲两下,心里有数
明白|action|五指撮合上移张开,恍然大悟
忘记|action|五指并拢前额虚按再转向脑后,丢在脑后
问|action|食指在嘴前移动再向前伸,面露疑问
开始|action|双手竖立靠拢再作开门状,启动了
结束|action|拇指向四指并拢再向下一甩,"完了"
唱歌|action|双手拇食指尖对喉部向外移,摇头晃脑
跳舞|action|食中指立在掌心迅速提起,像踮脚旋转
游泳|action|双臂前伸划动,像蛙泳
运动|action|双拳在身侧交替摆动
旅游|action|拇小指转两圈(走路)+眼前转一圈(看风景)
见面|action|双手拇小指相对靠拢,两个人碰头了
聊天|action|双手在嘴边交替移动+食指点动,你说我说
手语|action|双手五指灵活舞动,像打手势;也引申为"聊天"
学习|action|双手面前如翻书+五指撮合按前额(记心里)
复习|action|翻掌再贴+撮指按额,温故知新
练习|action|与"复习"打法相同
考试|action|双拇指交替上下(比试)+食中指指双眼(看卷子)
电影|action|五指张开掌心向内在面前摆动,像画面闪过
电视|action|画面摆动+双手书空电视机外形
照片|action|拇指食指弯曲如持相机拍照
游戏|action|双拇小指交替转动,玩起来了
电话|action|拇小指伸开贴耳和嘴边,像拿手机
手机|action|手持手机点屏幕
电脑|action|书空"电"字+点太阳穴(脑)
工作|learn|双拳上下互打,引申为干活、工作
上班|learn|食指向上指+“做”手势
下班|learn|食指向下指+“做”手势
开会|learn|双掌外翻(散开?)+五指从两侧并拢聚齐
努力|learn|双拳屈肘用力一顿,加油干
成功|learn|拇指在胸前向上举
失败|learn|小指由上向下移,向下走了
进步|learn|拇食指相捏向前伸出,向前挪了一步
计划|learn|食指在太阳穴画圈+指尖沿手掌划线
选择|learn|捏住左手食指向上提,挑出来了
决定|learn|食指自上而下挥动,一锤定音
希望|learn|字母X指式从太阳穴向外挥,寄望未来
习惯|learn|五指撮合按前额再下移张开,养成自然
兴趣|learn|拇食指在嘴边捻动,像品出滋味
高兴|mood|双掌在胸前上下扇动,眉开眼笑
生气|mood|食指立于鼻前左右摆动,气呼呼
难过|mood|虚握贴胸转动,愁容满面
累|mood|握拳敲另一侧手臂,一脸倦意
紧张|mood|双拳紧握在胸前上下微动
害怕|mood|拍几下胸口,一脸惊慌
满意|mood|掌心从腹部移到颏下+"一"谐音"意"
喜欢|mood|拇食指尖抵颌下,头轻轻点动
爱|mood|轻抚另一手拇指指背,满眼怜爱
身体|health|双手贴胸向下移
健康|health|双手贴胸下移+握拳伸拇指向下一顿,结实
生病|health|"生"字指式+三指搭脉
感冒|health|撮指抵额(头痛)+捂胸(难受)
发烧|health|手按前额再五指微曲微动,脸颊发烫
疼|health|食指指点疼痛处,皱眉
药|health|连打字母Y、O指式
打针|health|执针缝衣状+拇食指比针的长度
头|health|五指微曲罩于头顶
眼睛|health|食指指向眼眶
耳朵|health|食指指向耳朵
嘴|health|食指指向嘴部
手|health|食指指向另一手张开的手掌
脚|health|右手在平伸的左手背上从前向后摸
好|describe|竖起大拇指
坏|describe|握拳向下伸小指,向下走
大|describe|双手横伸向两侧拉开,越拉越大
小|describe|双手横伸向中间靠拢,缩成一点
多|describe|五指微张抖动几下,数不过来
少|describe|拇指弹动食指尖,只有一点点
快|describe|拇食指相捏快速挥动,嗖一下
慢|describe|掌心向下慢慢上下微动,慢慢来
高|describe|掌心向下举过头顶
矮|describe|掌心向下往下压
长|describe|双手食指相对,间距拉得很宽
短|describe|双手食指相对,间距收得很窄
新|describe|拇指从另一手背划过,"全好"引申为新
漂亮|describe|食中指从鼻部下移收缩,再伸拇指,真美
干净|describe|五指相对向上升起,一尘不染
脏|describe|小指在胸前由上向下挥,嫌弃
热|describe|五指微张从额头划到面颊,汗都出来了
冷|describe|双拳抱臂发抖
暖和|describe|双手掌心向上从腹部移到胸部,暖暖的
凉快|describe|"冷"的发抖+"快"的挥动,凉爽
什么|describe|双手掌心向下翻转为向上,"这是啥?"
谁|describe|食指在肩前摇动,是谁呢
哪里|describe|食指指尖向外波纹状移动,在哪儿
为什么|describe|拇食指转动+双手翻掌,追根问底
怎么|describe|右拳打左拳再翻开手掌,怎么回事
多少|describe|五指微抖,问数量
几|describe|与"多少"相同
问题|describe|书空问号"?"再向前一指
答案|describe|食指转向嘴(答)+手指逐一立起(逐条)
意思|describe|字母Y指式+食指在太阳穴转圈
钱|things|拇食指捏成小圆,捻动数钱
便宜|things|捏指在掌心轻拍,钱很少
贵|things|拇食指间距渐拉大,价钱往上抬
衣服|things|双手贴胸下移再横划,上装轮廓
鞋子|things|指尖插进微曲的手掌,像把脚伸进鞋
帽子|things|执帽往头上戴
书|things|双掌相合再翻开,像翻书
纸|things|双手捏纸抖动几下
包|things|双手交替翻掌,把东西包起来
门|things|双掌并排直立,像两扇门
窗|things|四指横直各划一下,组成窗格
桌子|things|双手平移成"┌┐"形,桌面
椅子|things|右手四指抵住左掌心,像椅子
床|things|双手指搭成床形
灯|things|五指撮合在指尖向下再放开,灯亮了
钥匙|things|捏匙对准圆孔转动,开锁
礼物|things|撮合捧起+食指互碰(物件)
火车|travel|左手食中指平伸当铁轨,右手弯指在上面前移
汽车|travel|双手虚握转方向盘
公共汽车|travel|“公”字+握方向盘
地铁|travel|"地+铁"组合,上拳敲下拳再向里移
飞机|travel|伸拇小指掌心向下,向前上方弧形移动,起飞
自行车|travel|双拳交替转圈,像蹬车
出租车|travel|字母Z指式+手掌由里向外伸出(招手即停)
船|travel|双手侧伸指尖相抵前移,破浪前行
路|travel|双手侧伸掌心相对前伸,一条大路
马路|travel|"马耳朵"+大路手势
天气|weather|头顶转圈(天)+字母Q指式置于鼻前(气)
晴|weather|掌心向外移一下再伸拇指,太阳出来了
阴|weather|小指在头前上方转圈,天色不好
下雨|weather|五指分开微曲指尖朝下快速点动,滴滴答答
下雪|weather|五指微曲缓缓下降旁移,雪花飘飘
风|weather|五指分开左右扇动,风来了
太阳|weather|双手在头侧组合,光芒四射
月亮|weather|拇食指相对作弧形分开,如弯月
星星|weather|拇食指捏小圈一顿一顿移动,一闪一闪
春天|weather|食指点左拳食指骨节,第一个季节
夏天|weather|食指点左拳中指骨节,第二个季节
秋天|weather|食指点左拳无名指骨节,第三个季节
冬天|weather|食指点左拳小指骨节,第四个季节
春节|weather|"春"的手势+抱拳拜年
节日|weather|字母J指式+日出到日落的一弧
生日|weather|小指从拳中抽出(出生)+日期手势
